{ "columns":16,
 "image":"Interiors_16x16.png",
 "imageheight":14512,
 "imagewidth":256,
 "margin":0,
 "name":"Interiors_16x16",
 "spacing":0,
 "tilecount":14512,
 "tiledversion":"1.7.0",
 "tileheight":16,
 "tiles":[
        {
         "id":594,
         "type":"above"
        }, 
        {
         "id":595,
         "type":"above"
        }, 
        {
         "id":596,
         "type":"above"
        }, 
        {
         "id":2560,
         "objectgroup":
            {
             "draworder":"index",
             "id":2,
             "name":"",
             "objects":[
                    {
                     "height":0,
                     "id":1,
                     "name":"",
                     "polygon":[
                            {
                             "x":0,
                             "y":0
                            }, 
                            {
                             "x":0.0869565217391308,
                             "y":-3.78260869565217
                            }, 
                            {
                             "x":3.26086956521739,
                             "y":-6.65217391304348
                            }, 
                            {
                             "x":3.1304347826087,
                             "y":-0.0434782608695645
                            }],
                     "rotation":0,
                     "type":"",
                     "visible":true,
                     "width":0,
                     "x":12.7826086956522,
                     "y":15.9565217391304
                    }],
             "opacity":1,
             "type":"objectgroup",
             "visible":true,
             "x":0,
             "y":0
            }
        }, 
        {
         "id":2561,
         "objectgroup":
            {
             "draworder":"index",
             "id":3,
             "name":"",
             "objects":[
                    {
                     "height":0,
                     "id":2,
                     "name":"",
                     "polygon":[
                            {
                             "x":0,
                             "y":0
                            }, 
                            {
                             "x":3.17391304347826,
                             "y":-2.39130434782609
                            }, 
                            {
                             "x":5.08695652173913,
                             "y":-1.1304347826087
                            }, 
                            {
                             "x":4.95652173913043,
                             "y":6.65217391304348
                            }, 
                            {
                             "x":6.08695652173913,
                             "y":6.60869565217391
                            }, 
                            {
                             "x":6,
                             "y":7.73913043478261
                            }, 
                            {
                             "x":-0.0434782608695652,
                             "y":7.65217391304348
                            }],
                     "rotation":0,
                     "type":"",
                     "visible":true,
                     "width":0,
                     "x":0,
                     "y":8.34782608695652
                    }],
             "opacity":1,
             "type":"objectgroup",
             "visible":true,
             "x":0,
             "y":0
            }
        }, 
        {
         "id":2562,
         "objectgroup":
            {
             "draworder":"index",
             "id":2,
             "name":"",
             "objects":[
                    {
                     "height":0,
                     "id":1,
                     "name":"",
                     "polygon":[
                            {
                             "x":0,
                             "y":0
                            }, 
                            {
                             "x":7.04347826086956,
                             "y":-6.08695652173913
                            }, 
                            {
                             "x":8.95652173913043,
                             "y":-5.08695652173913
                            }, 
                            {
                             "x":8.8695652173913,
                             "y":2.56521739130435
                            }, 
                            {
                             "x":5.52173913043478,
                             "y":5.82608695652174
                            }, 
                            {
                             "x":-0.0434782608695652,
                             "y":5.8695652173913
                            }],
                     "rotation":0,
                     "type":"",
                     "visible":true,
                     "width":0,
                     "x":1.08695652173913,
                     "y":10.1304347826087
                    }],
             "opacity":1,
             "type":"objectgroup",
             "visible":true,
             "x":0,
             "y":0
            }
        }, 
        {
         "id":2565,
         "objectgroup":
            {
             "draworder":"index",
             "id":2,
             "name":"",
             "objects":[
                    {
                     "height":0,
                     "id":1,
                     "name":"",
                     "polygon":[
                            {
                             "x":0,
                             "y":0
                            }, 
                            {
                             "x":3.65217391304348,
                             "y":3.17391304347826
                            }, 
                            {
                             "x":8.60869565217391,
                             "y":3.1304347826087
                            }, 
                            {
                             "x":8.52173913043478,
                             "y":-2.78260869565217
                            }, 
                            {
                             "x":2.34782608695652,
                             "y":-9
                            }, 
                            {
                             "x":0.304347826086957,
                             "y":-8.91304347826087
                            }, 
                            {
                             "x":-0.434782608695651,
                             "y":-7.91304347826087
                            }, 
                            {
                             "x":-0.434782608695651,
                             "y":-0.0869565217391308
                            }],
                     "rotation":0,
                     "type":"",
                     "visible":true,
                     "width":0,
                     "x":6.47826086956522,
                     "y":12.8695652173913
                    }],
             "opacity":1,
             "type":"objectgroup",
             "visible":true,
             "x":0,
             "y":0
            }
        }, 
        {
         "id":2576,
         "objectgroup":
            {
             "draworder":"index",
             "id":2,
             "name":"",
             "objects":[
                    {
                     "height":0,
                     "id":1,
                     "name":"",
                     "polygon":[
                            {
                             "x":0,
                             "y":0
                            }, 
                            {
                             "x":-3.08695652173913,
                             "y":1.73913043478261
                            }, 
                            {
                             "x":-3.08695652173913,
                             "y":-3.47826086956522
                            }, 
                            {
                             "x":0.0434782608695627,
                             "y":-3.39130434782609
                            }],
                     "rotation":0,
                     "type":"",
                     "visible":true,
                     "width":0,
                     "x":16.0434782608696,
                     "y":3.43478260869565
                    }],
             "opacity":1,
             "type":"objectgroup",
             "visible":true,
             "x":0,
             "y":0
            }
        }, 
        {
         "id":2577,
         "objectgroup":
            {
             "draworder":"index",
             "id":2,
             "name":"",
             "objects":[
                    {
                     "height":0,
                     "id":1,
                     "name":"",
                     "polygon":[
                            {
                             "x":0,
                             "y":0
                            }, 
                            {
                             "x":-0.0434782608695652,
                             "y":-1.8695652173913
                            }, 
                            {
                             "x":15.8260869565217,
                             "y":-16.304347826087
                            }, 
                            {
                             "x":15.8695652173913,
                             "y":-0.173913043478262
                            }],
                     "rotation":0,
                     "type":"",
                     "visible":true,
                     "width":0,
                     "x":0.0869565217391304,
                     "y":16.1304347826087
                    }],
             "opacity":1,
             "type":"objectgroup",
             "visible":true,
             "x":0,
             "y":0
            }
        }, 
        {
         "id":2578,
         "objectgroup":
            {
             "draworder":"index",
             "id":2,
             "name":"",
             "objects":[
                    {
                     "height":0,
                     "id":1,
                     "name":"",
                     "polygon":[
                            {
                             "x":0,
                             "y":0
                            }, 
                            {
                             "x":-0.130434782608696,
                             "y":3.8695652173913
                            }, 
                            {
                             "x":0.782608695652174,
                             "y":4.04347826086957
                            }, 
                            {
                             "x":5.21739130434783,
                             "y":-0.0869565217391304
                            }],
                     "rotation":0,
                     "type":"",
                     "visible":true,
                     "width":0,
                     "x":1.17391304347826,
                     "y":-0.0434782608695652
                    }],
             "opacity":1,
             "type":"objectgroup",
             "visible":true,
             "x":0,
             "y":0
            }
        }, 
        {
         "id":2579,
         "objectgroup":
            {
             "draworder":"index",
             "name":"",
             "objects":[
                    {
                     "height":0,
                     "id":2,
                     "name":"",
                     "polygon":[
                            {
                             "x":0,
                             "y":0
                            }, 
                            {
                             "x":15.375,
                             "y":-15.625
                            }, 
                            {
                             "x":15.875,
                             "y":-0.125
                            }],
                     "rotation":0,
                     "type":"",
                     "visible":true,
                     "width":0,
                     "x":0.25,
                     "y":16
                    }],
             "opacity":1,
             "type":"objectgroup",
             "visible":true,
             "x":0,
             "y":0
            }
        }, 
        {
         "id":2580,
         "objectgroup":
            {
             "draworder":"index",
             "name":"",
             "objects":[
                    {
                     "height":0,
                     "id":1,
                     "name":"",
                     "polygon":[
                            {
                             "x":0,
                             "y":0
                            }, 
                            {
                             "x":14.375,
                             "y":14.875
                            }, 
                            {
                             "x":-1.5,
                             "y":15.75
                            }],
                     "rotation":0,
                     "type":"",
                     "visible":true,
                     "width":0,
                     "x":1.75,
                     "y":0.125
                    }],
             "opacity":1,
             "type":"objectgroup",
             "visible":true,
             "x":0,
             "y":0
            }
        }, 
        {
         "id":2581,
         "objectgroup":
            {
             "draworder":"index",
             "id":2,
             "name":"",
             "objects":[
                    {
                     "height":0,
                     "id":1,
                     "name":"",
                     "polygon":[
                            {
                             "x":0,
                             "y":0
                            }, 
                            {
                             "x":5.1304347826087,
                             "y":5.04347826086957
                            }, 
                            {
                             "x":5.1304347826087,
                             "y":0.130434782608696
                            }],
                     "rotation":0,
                     "type":"",
                     "visible":true,
                     "width":0,
                     "x":9.8695652173913,
                     "y":-0.0869565217391304
                    }],
             "opacity":1,
             "type":"objectgroup",
             "visible":true,
             "x":0,
             "y":0
            }
        }, 
        {
         "id":2595,
         "objectgroup":
            {
             "draworder":"index",
             "name":"",
             "objects":[
                    {
                     "height":0,
                     "id":3,
                     "name":"",
                     "polygon":[
                            {
                             "x":0,
                             "y":0
                            }, 
                            {
                             "x":15.25,
                             "y":14.875
                            }, 
                            {
                             "x":14.875,
                             "y":-1.125
                            }],
                     "rotation":0,
                     "type":"",
                     "visible":true,
                     "width":0,
                     "x":0.625,
                     "y":1
                    }],
             "opacity":1,
             "type":"objectgroup",
             "visible":true,
             "x":0,
             "y":0
            }
        }, 
        {
         "id":2596,
         "objectgroup":
            {
             "draworder":"index",
             "name":"",
             "objects":[
                    {
                     "height":0,
                     "id":1,
                     "name":"",
                     "polygon":[
                            {
                             "x":0,
                             "y":0
                            }, 
                            {
                             "x":16.125,
                             "y":-16.125
                            }, 
                            {
                             "x":-0.125,
                             "y":-16.25
                            }],
                     "rotation":0,
                     "type":"",
                     "visible":true,
                     "width":0,
                     "x":0.125,
                     "y":16.25
                    }],
             "opacity":1,
             "type":"objectgroup",
             "visible":true,
             "x":0,
             "y":0
            }
        }, 
        {
         "id":3370,
         "objectgroup":
            {
             "draworder":"index",
             "id":2,
             "name":"",
             "objects":[
                    {
                     "height":5.69565217391304,
                     "id":1,
                     "name":"",
                     "rotation":0,
                     "type":"",
                     "visible":true,
                     "width":8.82608695652174,
                     "x":7.17391304347826,
                     "y":10.304347826087
                    }],
             "opacity":1,
             "type":"objectgroup",
             "visible":true,
             "x":0,
             "y":0
            }
        }, 
        {
         "id":3371,
         "objectgroup":
            {
             "draworder":"index",
             "id":2,
             "name":"",
             "objects":[
                    {
                     "height":6.26086956521739,
                     "id":1,
                     "name":"",
                     "rotation":0,
                     "type":"",
                     "visible":true,
                     "width":12.0434782608696,
                     "x":-0.0869565217391304,
                     "y":9.82608695652174
                    }],
             "opacity":1,
             "type":"objectgroup",
             "visible":true,
             "x":0,
             "y":0
            }
        }, 
        {
         "id":3386,
         "objectgroup":
            {
             "draworder":"index",
             "id":2,
             "name":"",
             "objects":[
                    {
                     "height":7.95652173913043,
                     "id":1,
                     "name":"",
                     "rotation":0,
                     "type":"",
                     "visible":true,
                     "width":9.08695652173913,
                     "x":7,
                     "y":0
                    }],
             "opacity":1,
             "type":"objectgroup",
             "visible":true,
             "x":0,
             "y":0
            }
        }, 
        {
         "id":3387,
         "objectgroup":
            {
             "draworder":"index",
             "id":2,
             "name":"",
             "objects":[
                    {
                     "height":7.91304347826087,
                     "id":1,
                     "name":"",
                     "rotation":0,
                     "type":"",
                     "visible":true,
                     "width":11.8695652173913,
                     "x":0,
                     "y":0.0434782608695652
                    }],
             "opacity":1,
             "type":"objectgroup",
             "visible":true,
             "x":0,
             "y":0
            }
        }, 
        {
         "id":5990,
         "objectgroup":
            {
             "draworder":"index",
             "id":2,
             "name":"",
             "objects":[
                    {
                     "height":13,
                     "id":1,
                     "name":"",
                     "rotation":0,
                     "type":"",
                     "visible":true,
                     "width":10,
                     "x":6,
                     "y":3
                    }],
             "opacity":1,
             "type":"objectgroup",
             "visible":true,
             "x":0,
             "y":0
            }
        }, 
        {
         "id":5991,
         "objectgroup":
            {
             "draworder":"index",
             "id":2,
             "name":"",
             "objects":[
                    {
                     "height":13,
                     "id":1,
                     "name":"",
                     "rotation":0,
                     "type":"",
                     "visible":true,
                     "width":10,
                     "x":0,
                     "y":3
                    }],
             "opacity":1,
             "type":"objectgroup",
             "visible":true,
             "x":0,
             "y":0
            }
        }, 
        {
         "id":5992,
         "objectgroup":
            {
             "draworder":"index",
             "id":2,
             "name":"",
             "objects":[
                    {
                     "height":13,
                     "id":1,
                     "name":"",
                     "rotation":0,
                     "type":"",
                     "visible":true,
                     "width":10,
                     "x":6,
                     "y":3
                    }],
             "opacity":1,
             "type":"objectgroup",
             "visible":true,
             "x":0,
             "y":0
            }
        }, 
        {
         "id":5993,
         "objectgroup":
            {
             "draworder":"index",
             "id":2,
             "name":"",
             "objects":[
                    {
                     "height":13,
                     "id":1,
                     "name":"",
                     "rotation":0,
                     "type":"",
                     "visible":true,
                     "width":10,
                     "x":0,
                     "y":3
                    }],
             "opacity":1,
             "type":"objectgroup",
             "visible":true,
             "x":0,
             "y":0
            }
        }, 
        {
         "id":6022,
         "objectgroup":
            {
             "draworder":"index",
             "id":2,
             "name":"",
             "objects":[
                    {
                     "height":13,
                     "id":1,
                     "name":"",
                     "rotation":0,
                     "type":"",
                     "visible":true,
                     "width":10,
                     "x":6,
                     "y":3
                    }],
             "opacity":1,
             "type":"objectgroup",
             "visible":true,
             "x":0,
             "y":0
            }
        }, 
        {
         "id":6023,
         "objectgroup":
            {
             "draworder":"index",
             "id":2,
             "name":"",
             "objects":[
                    {
                     "height":13,
                     "id":1,
                     "name":"",
                     "rotation":0,
                     "type":"",
                     "visible":true,
                     "width":10,
                     "x":0,
                     "y":3
                    }],
             "opacity":1,
             "type":"objectgroup",
             "visible":true,
             "x":0,
             "y":0
            }
        }, 
        {
         "id":6024,
         "objectgroup":
            {
             "draworder":"index",
             "id":2,
             "name":"",
             "objects":[
                    {
                     "height":13,
                     "id":1,
                     "name":"",
                     "rotation":0,
                     "type":"",
                     "visible":true,
                     "width":10,
                     "x":6,
                     "y":3
                    }],
             "opacity":1,
             "type":"objectgroup",
             "visible":true,
             "x":0,
             "y":0
            }
        }, 
        {
         "id":6025,
         "objectgroup":
            {
             "draworder":"index",
             "id":2,
             "name":"",
             "objects":[
                    {
                     "height":13,
                     "id":1,
                     "name":"",
                     "rotation":0,
                     "type":"",
                     "visible":true,
                     "width":10,
                     "x":0,
                     "y":3
                    }],
             "opacity":1,
             "type":"objectgroup",
             "visible":true,
             "x":0,
             "y":0
            }
        }, 
        {
         "id":6054,
         "type":"above"
        }, 
        {
         "id":6055,
         "type":"above"
        }, 
        {
         "id":6056,
         "type":"above"
        }, 
        {
         "id":6057,
         "type":"above"
        }, 
        {
         "id":6070,
         "objectgroup":
            {
             "draworder":"index",
             "id":4,
             "name":"",
             "objects":[
                    {
                     "height":0.130434782608695,
                     "id":3,
                     "name":"",
                     "rotation":0,
                     "type":"",
                     "visible":true,
                     "width":3.69565217391304,
                     "x":12.304347826087,
                     "y":5.82608695652174
                    }],
             "opacity":1,
             "type":"objectgroup",
             "visible":true,
             "x":0,
             "y":0
            },
         "type":"above"
        }, 
        {
         "id":6071,
         "objectgroup":
            {
             "draworder":"index",
             "id":3,
             "name":"",
             "objects":[
                    {
                     "height":0.130434782608696,
                     "id":2,
                     "name":"",
                     "rotation":0,
                     "type":"",
                     "visible":true,
                     "width":3.04347826086956,
                     "x":0,
                     "y":5.8695652173913
                    }],
             "opacity":1,
             "type":"objectgroup",
             "visible":true,
             "x":0,
             "y":0
            },
         "type":"above"
        }, 
        {
         "id":6072,
         "type":"above"
        }, 
        {
         "id":6073,
         "type":"above"
        }, 
        {
         "id":6086,
         "type":"above"
        }, 
        {
         "id":6087,
         "type":"above"
        }, 
        {
         "id":6088,
         "type":"above"
        }, 
        {
         "id":6089,
         "type":"above"
        }, 
        {
         "id":6102,
         "type":"above"
        }, 
        {
         "id":6103,
         "type":"above"
        }, 
        {
         "id":6104,
         "objectgroup":
            {
             "draworder":"index",
             "id":3,
             "name":"",
             "objects":[
                    {
                     "height":0.0869565217391299,
                     "id":3,
                     "name":"",
                     "rotation":0,
                     "type":"",
                     "visible":true,
                     "width":2.65217391304348,
                     "x":13.4782608695652,
                     "y":5.82608695652174
                    }],
             "opacity":1,
             "type":"objectgroup",
             "visible":true,
             "x":0,
             "y":0
            },
         "type":"above"
        }, 
        {
         "id":6105,
         "objectgroup":
            {
             "draworder":"index",
             "id":2,
             "name":"",
             "objects":[
                    {
                     "height":0.130434782608696,
                     "id":1,
                     "name":"",
                     "rotation":0,
                     "type":"",
                     "visible":true,
                     "width":2,
                     "x":0,
                     "y":5.8695652173913
                    }],
             "opacity":1,
             "type":"objectgroup",
             "visible":true,
             "x":0,
             "y":0
            },
         "type":"above"
        }, 
        {
         "id":9653,
         "objectgroup":
            {
             "draworder":"index",
             "id":2,
             "name":"",
             "objects":[
                    {
                     "height":6,
                     "id":1,
                     "name":"",
                     "rotation":0,
                     "type":"",
                     "visible":true,
                     "width":4,
                     "x":11,
                     "y":10
                    }],
             "opacity":1,
             "type":"objectgroup",
             "visible":true,
             "x":0,
             "y":0
            }
        }, 
        {
         "id":9669,
         "objectgroup":
            {
             "draworder":"index",
             "id":2,
             "name":"",
             "objects":[
                    {
                     "height":10.4347826086957,
                     "id":1,
                     "name":"",
                     "rotation":0,
                     "type":"",
                     "visible":true,
                     "width":3.60869565217391,
                     "x":11.3478260869565,
                     "y":-0.347826086956522
                    }],
             "opacity":1,
             "type":"objectgroup",
             "visible":true,
             "x":0,
             "y":0
            }
        }, 
        {
         "id":9674,
         "type":"above"
        }, 
        {
         "id":9685,
         "objectgroup":
            {
             "draworder":"index",
             "id":2,
             "name":"",
             "objects":[
                    {
                     "height":6,
                     "id":1,
                     "name":"",
                     "rotation":0,
                     "type":"",
                     "visible":true,
                     "width":4,
                     "x":11,
                     "y":10
                    }],
             "opacity":1,
             "type":"objectgroup",
             "visible":true,
             "x":0,
             "y":0
            }
        }, 
        {
         "id":9701,
         "objectgroup":
            {
             "draworder":"index",
             "id":2,
             "name":"",
             "objects":[
                    {
                     "height":10.5652173913043,
                     "id":1,
                     "name":"",
                     "rotation":0,
                     "type":"",
                     "visible":true,
                     "width":3.34782608695652,
                     "x":11.695652173913,
                     "y":0
                    }],
             "opacity":1,
             "type":"objectgroup",
             "visible":true,
             "x":0,
             "y":0
            }
        }, 
        {
         "id":9706,
         "type":"above"
        }, 
        {
         "id":9717,
         "objectgroup":
            {
             "draworder":"index",
             "id":2,
             "name":"",
             "objects":[
                    {
                     "height":6.43478260869565,
                     "id":1,
                     "name":"",
                     "rotation":0,
                     "type":"",
                     "visible":true,
                     "width":3.73913043478261,
                     "x":11.2173913043478,
                     "y":9.60869565217391
                    }],
             "opacity":1,
             "type":"objectgroup",
             "visible":true,
             "x":0,
             "y":0
            }
        }, 
        {
         "id":9733,
         "objectgroup":
            {
             "draworder":"index",
             "id":2,
             "name":"",
             "objects":[
                    {
                     "height":12,
                     "id":1,
                     "name":"",
                     "rotation":0,
                     "type":"",
                     "visible":true,
                     "width":2.95652173913044,
                     "x":12.1304347826087,
                     "y":-0.0869565217391304
                    }],
             "opacity":1,
             "type":"objectgroup",
             "visible":true,
             "x":0,
             "y":0
            }
        }, 
        {
         "id":9738,
         "type":"above"
        }, 
        {
         "id":9770,
         "type":"above"
        }],
 "tilewidth":16,
 "type":"tileset",
 "version":"1.6"
}