{ "columns":16,
 "image":"Office_walls_floors_16x16.png",
 "imageheight":192,
 "imagewidth":256,
 "margin":0,
 "name":"Office_walls_floors_16x16",
 "spacing":0,
 "tilecount":192,
 "tiledversion":"1.7.0",
 "tileheight":16,
 "tiles":[
        {
         "id":9,
         "type":"above"
        }, 
        {
         "id":10,
         "type":"above"
        }, 
        {
         "id":11,
         "type":"above"
        }, 
        {
         "id":12,
         "type":"above"
        }, 
        {
         "id":13,
         "type":"above"
        }, 
        {
         "id":14,
         "type":"above"
        }, 
        {
         "id":15,
         "type":"above"
        }, 
        {
         "id":16,
         "objectgroup":
            {
             "draworder":"index",
             "name":"",
             "objects":[
                    {
                     "height":16,
                     "id":1,
                     "name":"",
                     "rotation":0,
                     "type":"",
                     "visible":true,
                     "width":7,
                     "x":9,
                     "y":0
                    }],
             "opacity":1,
             "type":"objectgroup",
             "visible":true,
             "x":0,
             "y":0
            }
        }, 
        {
         "id":18,
         "type":"above"
        }, 
        {
         "id":19,
         "objectgroup":
            {
             "draworder":"index",
             "name":"",
             "objects":[
                    {
                     "height":16,
                     "id":1,
                     "name":"",
                     "rotation":0,
                     "type":"",
                     "visible":true,
                     "width":7,
                     "x":0,
                     "y":0
                    }],
             "opacity":1,
             "type":"objectgroup",
             "visible":true,
             "x":0,
             "y":0
            }
        }, 
        {
         "id":20,
         "objectgroup":
            {
             "draworder":"index",
             "name":"",
             "objects":[
                    {
                     "height":16,
                     "id":1,
                     "name":"",
                     "rotation":0,
                     "type":"",
                     "visible":true,
                     "width":7,
                     "x":9,
                     "y":0
                    }],
             "opacity":1,
             "type":"objectgroup",
             "visible":true,
             "x":0,
             "y":0
            }
        }, 
        {
         "id":22,
         "type":"above"
        }, 
        {
         "id":23,
         "objectgroup":
            {
             "draworder":"index",
             "name":"",
             "objects":[
                    {
                     "height":16,
                     "id":1,
                     "name":"",
                     "rotation":0,
                     "type":"",
                     "visible":true,
                     "width":7,
                     "x":0,
                     "y":0
                    }],
             "opacity":1,
             "type":"objectgroup",
             "visible":true,
             "x":0,
             "y":0
            }
        }, 
        {
         "id":25,
         "type":"above"
        }, 
        {
         "id":26,
         "type":"above"
        }, 
        {
         "id":27,
         "type":"above"
        }, 
        {
         "id":29,
         "objectgroup":
            {
             "draworder":"index",
             "id":2,
             "name":"",
             "objects":[
                    {
                     "height":9.125,
                     "id":1,
                     "name":"",
                     "rotation":0,
                     "type":"",
                     "visible":true,
                     "width":15.875,
                     "x":0.125,
                     "y":6.875
                    }, 
                    {
                     "height":16,
                     "id":2,
                     "name":"",
                     "rotation":0,
                     "type":"",
                     "visible":true,
                     "width":16,
                     "x":0,
                     "y":0
                    }, 
                    {
                     "height":16,
                     "id":3,
                     "name":"",
                     "rotation":0,
                     "type":"",
                     "visible":true,
                     "width":16,
                     "x":0,
                     "y":0
                    }],
             "opacity":1,
             "type":"objectgroup",
             "visible":true,
             "x":0,
             "y":0
            }
        }, 
        {
         "id":30,
         "objectgroup":
            {
             "draworder":"index",
             "id":2,
             "name":"",
             "objects":[
                    {
                     "height":16,
                     "id":1,
                     "name":"",
                     "rotation":0,
                     "type":"",
                     "visible":true,
                     "width":16,
                     "x":0,
                     "y":0
                    }],
             "opacity":1,
             "type":"objectgroup",
             "visible":true,
             "x":0,
             "y":0
            }
        }, 
        {
         "id":32,
         "objectgroup":
            {
             "draworder":"index",
             "name":"",
             "objects":[
                    {
                     "height":16,
                     "id":1,
                     "name":"",
                     "rotation":0,
                     "type":"",
                     "visible":true,
                     "width":7,
                     "x":9,
                     "y":0
                    }],
             "opacity":1,
             "type":"objectgroup",
             "visible":true,
             "x":0,
             "y":0
            }
        }, 
        {
         "id":34,
         "objectgroup":
            {
             "draworder":"index",
             "id":2,
             "name":"",
             "objects":[
                    {
                     "height":9.75,
                     "id":1,
                     "name":"",
                     "rotation":0,
                     "type":"",
                     "visible":true,
                     "width":16.625,
                     "x":-0.375,
                     "y":6.375
                    }, 
                    {
                     "height":16,
                     "id":2,
                     "name":"",
                     "rotation":0,
                     "type":"",
                     "visible":true,
                     "width":16,
                     "x":0,
                     "y":0
                    }],
             "opacity":1,
             "type":"objectgroup",
             "visible":true,
             "x":0,
             "y":0
            }
        }, 
        {
         "id":35,
         "objectgroup":
            {
             "draworder":"index",
             "name":"",
             "objects":[
                    {
                     "height":16,
                     "id":1,
                     "name":"",
                     "rotation":0,
                     "type":"",
                     "visible":true,
                     "width":7,
                     "x":0,
                     "y":0
                    }],
             "opacity":1,
             "type":"objectgroup",
             "visible":true,
             "x":0,
             "y":0
            }
        }, 
        {
         "id":36,
         "objectgroup":
            {
             "draworder":"index",
             "name":"",
             "objects":[
                    {
                     "height":16,
                     "id":1,
                     "name":"",
                     "rotation":0,
                     "type":"",
                     "visible":true,
                     "width":7,
                     "x":9,
                     "y":0
                    }],
             "opacity":1,
             "type":"objectgroup",
             "visible":true,
             "x":0,
             "y":0
            }
        }, 
        {
         "id":38,
         "objectgroup":
            {
             "draworder":"index",
             "id":2,
             "name":"",
             "objects":[
                    {
                     "height":8,
                     "id":1,
                     "name":"",
                     "rotation":0,
                     "type":"",
                     "visible":true,
                     "width":16,
                     "x":0,
                     "y":7.875
                    }, 
                    {
                     "height":16,
                     "id":2,
                     "name":"",
                     "rotation":0,
                     "type":"",
                     "visible":true,
                     "width":16,
                     "x":0,
                     "y":0
                    }, 
                    {
                     "height":16,
                     "id":3,
                     "name":"",
                     "rotation":0,
                     "type":"",
                     "visible":true,
                     "width":16,
                     "x":0,
                     "y":0
                    }],
             "opacity":1,
             "type":"objectgroup",
             "visible":true,
             "x":0,
             "y":0
            }
        }, 
        {
         "id":39,
         "objectgroup":
            {
             "draworder":"index",
             "name":"",
             "objects":[
                    {
                     "height":16,
                     "id":1,
                     "name":"",
                     "rotation":0,
                     "type":"",
                     "visible":true,
                     "width":7,
                     "x":0,
                     "y":0
                    }],
             "opacity":1,
             "type":"objectgroup",
             "visible":true,
             "x":0,
             "y":0
            }
        }, 
        {
         "id":41,
         "type":"above"
        }, 
        {
         "id":42,
         "type":"above"
        }, 
        {
         "id":43,
         "type":"above"
        }, 
        {
         "id":44,
         "type":"above"
        }, 
        {
         "id":45,
         "type":"above"
        }, 
        {
         "id":46,
         "type":"above"
        }, 
        {
         "id":47,
         "type":"above"
        }, 
        {
         "id":48,
         "objectgroup":
            {
             "draworder":"index",
             "name":"",
             "objects":[
                    {
                     "height":16,
                     "id":1,
                     "name":"",
                     "rotation":0,
                     "type":"",
                     "visible":true,
                     "width":7,
                     "x":9,
                     "y":0
                    }],
             "opacity":1,
             "type":"objectgroup",
             "visible":true,
             "x":0,
             "y":0
            }
        }, 
        {
         "id":51,
         "objectgroup":
            {
             "draworder":"index",
             "name":"",
             "objects":[
                    {
                     "height":16,
                     "id":1,
                     "name":"",
                     "rotation":0,
                     "type":"",
                     "visible":true,
                     "width":7,
                     "x":0,
                     "y":0
                    }],
             "opacity":1,
             "type":"objectgroup",
             "visible":true,
             "x":0,
             "y":0
            }
        }, 
        {
         "id":52,
         "objectgroup":
            {
             "draworder":"index",
             "name":"",
             "objects":[
                    {
                     "height":16,
                     "id":1,
                     "name":"",
                     "rotation":0,
                     "type":"",
                     "visible":true,
                     "width":7,
                     "x":9,
                     "y":0
                    }],
             "opacity":1,
             "type":"objectgroup",
             "visible":true,
             "x":0,
             "y":0
            }
        }, 
        {
         "id":55,
         "objectgroup":
            {
             "draworder":"index",
             "name":"",
             "objects":[
                    {
                     "height":16,
                     "id":1,
                     "name":"",
                     "rotation":0,
                     "type":"",
                     "visible":true,
                     "width":7,
                     "x":0,
                     "y":0
                    }],
             "opacity":1,
             "type":"objectgroup",
             "visible":true,
             "x":0,
             "y":0
            }
        }, 
        {
         "id":61,
         "objectgroup":
            {
             "draworder":"index",
             "id":2,
             "name":"",
             "objects":[
                    {
                     "height":8.625,
                     "id":2,
                     "name":"",
                     "rotation":0,
                     "type":"",
                     "visible":true,
                     "width":16,
                     "x":0,
                     "y":7.375
                    }, 
                    {
                     "height":16,
                     "id":3,
                     "name":"",
                     "rotation":0,
                     "type":"",
                     "visible":true,
                     "width":16,
                     "x":0,
                     "y":0
                    }, 
                    {
                     "height":16,
                     "id":4,
                     "name":"",
                     "rotation":0,
                     "type":"",
                     "visible":true,
                     "width":16,
                     "x":0,
                     "y":0
                    }],
             "opacity":1,
             "type":"objectgroup",
             "visible":true,
             "x":0,
             "y":0
            }
        }, 
        {
         "id":62,
         "objectgroup":
            {
             "draworder":"index",
             "id":2,
             "name":"",
             "objects":[
                    {
                     "height":9.625,
                     "id":1,
                     "name":"",
                     "rotation":0,
                     "type":"",
                     "visible":true,
                     "width":16,
                     "x":0,
                     "y":6.5
                    }, 
                    {
                     "height":16,
                     "id":2,
                     "name":"",
                     "rotation":0,
                     "type":"",
                     "visible":true,
                     "width":16,
                     "x":0,
                     "y":0
                    }],
             "opacity":1,
             "type":"objectgroup",
             "visible":true,
             "x":0,
             "y":0
            }
        }, 
        {
         "id":64,
         "objectgroup":
            {
             "draworder":"index",
             "name":"",
             "objects":[
                    {
                     "height":16,
                     "id":1,
                     "name":"",
                     "rotation":0,
                     "type":"",
                     "visible":true,
                     "width":7,
                     "x":9,
                     "y":0
                    }, 
                    {
                     "height":16,
                     "id":2,
                     "name":"",
                     "rotation":0,
                     "type":"",
                     "visible":true,
                     "width":7,
                     "x":9,
                     "y":0
                    }],
             "opacity":1,
             "type":"objectgroup",
             "visible":true,
             "x":0,
             "y":0
            }
        }, 
        {
         "id":67,
         "objectgroup":
            {
             "draworder":"index",
             "name":"",
             "objects":[
                    {
                     "height":16,
                     "id":1,
                     "name":"",
                     "rotation":0,
                     "type":"",
                     "visible":true,
                     "width":7,
                     "x":0,
                     "y":0
                    }],
             "opacity":1,
             "type":"objectgroup",
             "visible":true,
             "x":0,
             "y":0
            }
        }, 
        {
         "id":68,
         "objectgroup":
            {
             "draworder":"index",
             "name":"",
             "objects":[
                    {
                     "height":16,
                     "id":1,
                     "name":"",
                     "rotation":0,
                     "type":"",
                     "visible":true,
                     "width":7,
                     "x":9,
                     "y":0
                    }, 
                    {
                     "height":16,
                     "id":2,
                     "name":"",
                     "rotation":0,
                     "type":"",
                     "visible":true,
                     "width":7,
                     "x":9,
                     "y":0
                    }],
             "opacity":1,
             "type":"objectgroup",
             "visible":true,
             "x":0,
             "y":0
            }
        }, 
        {
         "id":71,
         "objectgroup":
            {
             "draworder":"index",
             "name":"",
             "objects":[
                    {
                     "height":16,
                     "id":1,
                     "name":"",
                     "rotation":0,
                     "type":"",
                     "visible":true,
                     "width":7,
                     "x":0,
                     "y":0
                    }],
             "opacity":1,
             "type":"objectgroup",
             "visible":true,
             "x":0,
             "y":0
            }
        }, 
        {
         "id":73,
         "type":"above"
        }, 
        {
         "id":74,
         "type":"above"
        }, 
        {
         "id":75,
         "type":"above"
        }, 
        {
         "id":76,
         "type":"above"
        }, 
        {
         "id":80,
         "objectgroup":
            {
             "draworder":"index",
             "name":"",
             "objects":[
                    {
                     "height":6,
                     "id":1,
                     "name":"",
                     "rotation":0,
                     "type":"",
                     "visible":true,
                     "width":7,
                     "x":9,
                     "y":0
                    }],
             "opacity":1,
             "type":"objectgroup",
             "visible":true,
             "x":0,
             "y":0
            }
        }, 
        {
         "id":81,
         "objectgroup":
            {
             "draworder":"index",
             "name":"",
             "objects":[
                    {
                     "height":6,
                     "id":1,
                     "name":"",
                     "rotation":0,
                     "type":"",
                     "visible":true,
                     "width":16,
                     "x":0,
                     "y":0
                    }, 
                    {
                     "height":6,
                     "id":2,
                     "name":"",
                     "rotation":0,
                     "type":"",
                     "visible":true,
                     "width":16,
                     "x":0,
                     "y":0
                    }],
             "opacity":1,
             "type":"objectgroup",
             "visible":true,
             "x":0,
             "y":0
            }
        }, 
        {
         "id":82,
         "objectgroup":
            {
             "draworder":"index",
             "name":"",
             "objects":[
                    {
                     "height":6,
                     "id":1,
                     "name":"",
                     "rotation":0,
                     "type":"",
                     "visible":true,
                     "width":16,
                     "x":0,
                     "y":0
                    }, 
                    {
                     "height":6,
                     "id":2,
                     "name":"",
                     "rotation":0,
                     "type":"",
                     "visible":true,
                     "width":16,
                     "x":0,
                     "y":0
                    }],
             "opacity":1,
             "type":"objectgroup",
             "visible":true,
             "x":0,
             "y":0
            }
        }, 
        {
         "id":83,
         "objectgroup":
            {
             "draworder":"index",
             "name":"",
             "objects":[
                    {
                     "height":6,
                     "id":1,
                     "name":"",
                     "rotation":0,
                     "type":"",
                     "visible":true,
                     "width":7,
                     "x":0,
                     "y":0
                    }],
             "opacity":1,
             "type":"objectgroup",
             "visible":true,
             "x":0,
             "y":0
            }
        }, 
        {
         "id":84,
         "objectgroup":
            {
             "draworder":"index",
             "name":"",
             "objects":[
                    {
                     "height":6,
                     "id":1,
                     "name":"",
                     "rotation":0,
                     "type":"",
                     "visible":true,
                     "width":7,
                     "x":9,
                     "y":0
                    }],
             "opacity":1,
             "type":"objectgroup",
             "visible":true,
             "x":0,
             "y":0
            }
        }, 
        {
         "id":85,
         "objectgroup":
            {
             "draworder":"index",
             "name":"",
             "objects":[
                    {
                     "height":6,
                     "id":1,
                     "name":"",
                     "rotation":0,
                     "type":"",
                     "visible":true,
                     "width":16,
                     "x":0,
                     "y":0
                    }],
             "opacity":1,
             "type":"objectgroup",
             "visible":true,
             "x":0,
             "y":0
            }
        }, 
        {
         "id":86,
         "objectgroup":
            {
             "draworder":"index",
             "name":"",
             "objects":[
                    {
                     "height":6,
                     "id":1,
                     "name":"",
                     "rotation":0,
                     "type":"",
                     "visible":true,
                     "width":16,
                     "x":0,
                     "y":0
                    }],
             "opacity":1,
             "type":"objectgroup",
             "visible":true,
             "x":0,
             "y":0
            }
        }, 
        {
         "id":87,
         "objectgroup":
            {
             "draworder":"index",
             "id":2,
             "name":"",
             "objects":[
                    {
                     "height":6,
                     "id":1,
                     "name":"",
                     "rotation":0,
                     "type":"",
                     "visible":true,
                     "width":7,
                     "x":0,
                     "y":0
                    }],
             "opacity":1,
             "type":"objectgroup",
             "visible":true,
             "x":0,
             "y":0
            }
        }, 
        {
         "id":89,
         "objectgroup":
            {
             "draworder":"index",
             "id":2,
             "name":"",
             "objects":[
                    {
                     "height":16,
                     "id":1,
                     "name":"",
                     "rotation":0,
                     "type":"",
                     "visible":true,
                     "width":16,
                     "x":0,
                     "y":0
                    }, 
                    {
                     "height":16,
                     "id":2,
                     "name":"",
                     "rotation":0,
                     "type":"",
                     "visible":true,
                     "width":16,
                     "x":0,
                     "y":0
                    }],
             "opacity":1,
             "type":"objectgroup",
             "visible":true,
             "x":0,
             "y":0
            }
        }, 
        {
         "id":90,
         "objectgroup":
            {
             "draworder":"index",
             "id":2,
             "name":"",
             "objects":[
                    {
                     "height":16,
                     "id":1,
                     "name":"",
                     "rotation":0,
                     "type":"",
                     "visible":true,
                     "width":16,
                     "x":0,
                     "y":0
                    }, 
                    {
                     "height":16,
                     "id":2,
                     "name":"",
                     "rotation":0,
                     "type":"",
                     "visible":true,
                     "width":16,
                     "x":0,
                     "y":0
                    }],
             "opacity":1,
             "type":"objectgroup",
             "visible":true,
             "x":0,
             "y":0
            }
        }, 
        {
         "id":91,
         "objectgroup":
            {
             "draworder":"index",
             "id":2,
             "name":"",
             "objects":[
                    {
                     "height":8,
                     "id":1,
                     "name":"",
                     "rotation":0,
                     "type":"",
                     "visible":true,
                     "width":16.125,
                     "x":-0.125,
                     "y":8.125
                    }, 
                    {
                     "height":16,
                     "id":2,
                     "name":"",
                     "rotation":0,
                     "type":"",
                     "visible":true,
                     "width":16,
                     "x":0,
                     "y":0
                    }, 
                    {
                     "height":16,
                     "id":3,
                     "name":"",
                     "rotation":0,
                     "type":"",
                     "visible":true,
                     "width":16,
                     "x":0,
                     "y":0
                    }],
             "opacity":1,
             "type":"objectgroup",
             "visible":true,
             "x":0,
             "y":0
            }
        }, 
        {
         "id":92,
         "objectgroup":
            {
             "draworder":"index",
             "name":"",
             "objects":[
                    {
                     "height":16,
                     "id":1,
                     "name":"",
                     "rotation":0,
                     "type":"",
                     "visible":true,
                     "width":16,
                     "x":0,
                     "y":0
                    }],
             "opacity":1,
             "type":"objectgroup",
             "visible":true,
             "x":0,
             "y":0
            },
         "type":"above"
        }, 
        {
         "id":105,
         "type":"above"
        }, 
        {
         "id":106,
         "type":"above"
        }, 
        {
         "id":107,
         "type":"above"
        }, 
        {
         "id":108,
         "type":"above"
        }, 
        {
         "id":109,
         "type":"above"
        }, 
        {
         "id":110,
         "type":"above"
        }, 
        {
         "id":111,
         "type":"above"
        }, 
        {
         "id":113,
         "objectgroup":
            {
             "draworder":"index",
             "name":"",
             "objects":[
                    {
                     "height":16,
                     "id":1,
                     "name":"",
                     "rotation":0,
                     "type":"",
                     "visible":true,
                     "width":7,
                     "x":8.875,
                     "y":0
                    }, 
                    {
                     "height":5.875,
                     "id":2,
                     "name":"",
                     "rotation":0,
                     "type":"",
                     "visible":true,
                     "width":16.25,
                     "x":-0.25,
                     "y":10.125
                    }],
             "opacity":1,
             "type":"objectgroup",
             "visible":true,
             "x":0,
             "y":0
            }
        }, 
        {
         "id":114,
         "objectgroup":
            {
             "draworder":"index",
             "name":"",
             "objects":[
                    {
                     "height":15.875,
                     "id":1,
                     "name":"",
                     "rotation":0,
                     "type":"",
                     "visible":true,
                     "width":7.5,
                     "x":-0.375,
                     "y":0.125
                    }, 
                    {
                     "height":5.875,
                     "id":2,
                     "name":"",
                     "rotation":0,
                     "type":"",
                     "visible":true,
                     "width":16.125,
                     "x":0,
                     "y":9.875
                    }],
             "opacity":1,
             "type":"objectgroup",
             "visible":true,
             "x":0,
             "y":0
            }
        }, 
        {
         "id":121,
         "objectgroup":
            {
             "draworder":"index",
             "id":2,
             "name":"",
             "objects":[
                    {
                     "height":9.125,
                     "id":1,
                     "name":"",
                     "rotation":0,
                     "type":"",
                     "visible":true,
                     "width":15.75,
                     "x":0.375,
                     "y":6.875
                    }, 
                    {
                     "height":16,
                     "id":2,
                     "name":"",
                     "rotation":0,
                     "type":"",
                     "visible":true,
                     "width":16,
                     "x":0,
                     "y":0
                    }],
             "opacity":1,
             "type":"objectgroup",
             "visible":true,
             "x":0,
             "y":0
            }
        }, 
        {
         "id":122,
         "objectgroup":
            {
             "draworder":"index",
             "id":2,
             "name":"",
             "objects":[
                    {
                     "height":9.375,
                     "id":1,
                     "name":"",
                     "rotation":0,
                     "type":"",
                     "visible":true,
                     "width":16.25,
                     "x":-0.25,
                     "y":6.625
                    }, 
                    {
                     "height":16,
                     "id":2,
                     "name":"",
                     "rotation":0,
                     "type":"",
                     "visible":true,
                     "width":16,
                     "x":0,
                     "y":0
                    }],
             "opacity":1,
             "type":"objectgroup",
             "visible":true,
             "x":0,
             "y":0
            }
        }, 
        {
         "id":123,
         "objectgroup":
            {
             "draworder":"index",
             "id":2,
             "name":"",
             "objects":[
                    {
                     "height":9.625,
                     "id":1,
                     "name":"",
                     "rotation":0,
                     "type":"",
                     "visible":true,
                     "width":15.75,
                     "x":0,
                     "y":6.375
                    }, 
                    {
                     "height":16,
                     "id":2,
                     "name":"",
                     "rotation":0,
                     "type":"",
                     "visible":true,
                     "width":16,
                     "x":0,
                     "y":0
                    }],
             "opacity":1,
             "type":"objectgroup",
             "visible":true,
             "x":0,
             "y":0
            }
        }, 
        {
         "id":126,
         "objectgroup":
            {
             "draworder":"index",
             "id":2,
             "name":"",
             "objects":[
                    {
                     "height":16,
                     "id":1,
                     "name":"",
                     "rotation":0,
                     "type":"",
                     "visible":true,
                     "width":16,
                     "x":0,
                     "y":0
                    }],
             "opacity":1,
             "type":"objectgroup",
             "visible":true,
             "x":0,
             "y":0
            }
        }, 
        {
         "id":129,
         "objectgroup":
            {
             "draworder":"index",
             "name":"",
             "objects":[
                    {
                     "height":5.75,
                     "id":1,
                     "name":"",
                     "rotation":0,
                     "type":"",
                     "visible":true,
                     "width":15.625,
                     "x":0,
                     "y":0
                    }, 
                    {
                     "height":10.875,
                     "id":2,
                     "name":"",
                     "rotation":0,
                     "type":"",
                     "visible":true,
                     "width":6.5,
                     "x":9.375,
                     "y":5.375
                    }],
             "opacity":1,
             "type":"objectgroup",
             "visible":true,
             "x":0,
             "y":0
            },
         "type":"above"
        }, 
        {
         "id":130,
         "objectgroup":
            {
             "draworder":"index",
             "name":"",
             "objects":[
                    {
                     "height":15.5,
                     "id":3,
                     "name":"",
                     "rotation":0,
                     "type":"",
                     "visible":true,
                     "width":6.5,
                     "x":0.125,
                     "y":0.5
                    }, 
                    {
                     "height":5.875,
                     "id":4,
                     "name":"",
                     "rotation":0,
                     "type":"",
                     "visible":true,
                     "width":15.75,
                     "x":0.25,
                     "y":0.125
                    }],
             "opacity":1,
             "type":"objectgroup",
             "visible":true,
             "x":0,
             "y":0
            }
        }, 
        {
         "id":137,
         "type":"above"
        }, 
        {
         "id":138,
         "type":"above"
        }, 
        {
         "id":139,
         "type":"above"
        }],
 "tilewidth":16,
 "type":"tileset",
 "version":"1.6"
}