{ "compressionlevel":-1,
 "height":15,
 "infinite":false,
 "layers":[
        {
         "data":[0, 0, 0, 0, 0, 0, 0, 0, 0, 0, 0, 0, 0, 0, 0, 0, 0, 0, 0, 0, 0, 0, 0, 0, 0, 0, 0, 0, 0, 0, 0, 0, 0, 0, 0, 0, 0, 0, 0, 0, 0, 0, 0, 0, 0, 0, 0, 185, 186, 186, 186, 186, 186, 186, 186, 186, 186, 186, 0, 0, 0, 0, 200, 201, 201, 201, 201, 201, 201, 201, 201, 201, 201, 0, 0, 0, 0, 200, 201, 201, 201, 201, 201, 201, 201, 201, 201, 201, 0, 0, 0, 0, 200, 201, 201, 201, 201, 201, 201, 201, 201, 201, 201, 0, 0, 0, 0, 200, 201, 201, 201, 201, 201, 201, 201, 201, 201, 201, 0, 0, 0, 0, 186, 186, 186, 186, 186, 186, 186, 186, 186, 186, 186, 0, 0, 0, 0, 200, 201, 201, 201, 201, 201, 201, 201, 201, 201, 201, 0, 0, 0, 0, 200, 201, 201, 201, 201, 201, 201, 201, 201, 201, 201, 0, 0, 0, 0, 200, 201, 201, 201, 201, 201, 201, 201, 201, 201, 201, 0, 0, 0, 0, 200, 201, 201, 201, 201, 201, 201, 201, 201, 201, 201, 0, 0, 0, 0, 200, 201, 201, 201, 201, 201, 201, 201, 201, 201, 201, 0, 0, 0, 0, 0, 0, 0, 0, 0, 0, 0, 0, 0, 0, 0, 0, 0],
         "height":15,
         "id":1,
         "name":"floor",
         "opacity":1,
         "type":"tilelayer",
         "visible":true,
         "width":15,
         "x":0,
         "y":0
        }, 
        {
         "data":[0, 0, 0, 0, 0, 0, 0, 0, 0, 0, 0, 0, 0, 0, 0, 0, 1062, 6458, 6459, 6459, 6459, 6459, 6459, 6459, 6459, 6459, 6459, 6460, 1064, 0, 0, 1137, 6490, 6491, 6491, 6491, 6491, 6491, 6491, 6491, 6491, 6491, 6492, 1139, 0, 0, 1137, 0, 0, 0, 0, 0, 0, 0, 0, 0, 0, 0, 1139, 0, 0, 1137, 0, 0, 0, 0, 0, 0, 0, 0, 0, 0, 0, 1139, 0, 0, 1137, 0, 0, 0, 0, 0, 0, 0, 0, 0, 0, 0, 1139, 0, 0, 1137, 6458, 0, 6459, 6459, 6459, 6459, 6459, 6459, 6459, 0, 6460, 1139, 0, 0, 1137, 6490, 0, 6491, 6491, 6491, 6491, 6491, 6491, 6491, 0, 6492, 1139, 0, 0, 1137, 0, 0, 0, 0, 0, 0, 0, 0, 0, 0, 0, 1139, 0, 0, 1137, 0, 0, 0, 0, 0, 0, 0, 0, 0, 0, 0, 1139, 0, 0, 1137, 0, 0, 0, 0, 0, 0, 0, 0, 0, 0, 0, 1139, 0, 0, 1137, 0, 0, 0, 0, 0, 0, 0, 0, 0, 0, 0, 1139, 0, 0, 1137, 0, 0, 0, 0, 0, 0, 0, 0, 0, 0, 0, 1139, 0, 0, 1137, 0, 0, 0, 0, 0, 0, 0, 0, 0, 0, 0, 1139, 0, 0, 1212, 1213, 1213, 1213, 1213, 1213, 0, 1213, 1213, 1213, 1213, 1213, 1214, 0],
         "height":15,
         "id":2,
         "name":"wall",
         "opacity":1,
         "type":"tilelayer",
         "visible":true,
         "width":15,
         "x":0,
         "y":0
        }, 
        {
         "data":[0, 0, 0, 0, 0, 0, 0, 0, 0, 0, 0, 0, 0, 0, 0, 0, 0, 0, 0, 0, 0, 0, 0, 0, 0, 0, 0, 0, 0, 0, 0, 0, 7585, 0, 0, 0, 0, 0, 0, 0, 0, 0, 7585, 0, 0, 0, 0, 0, 0, 0, 0, 0, 0, 0, 0, 0, 0, 0, 0, 0, 0, 0, 0, 0, 0, 0, 0, 0, 0, 0, 0, 0, 0, 0, 0, 0, 0, 0, 0, 0, 0, 0, 0, 0, 0, 0, 0, 0, 0, 0, 0, 0, 0, 0, 0, 0, 0, 0, 0, 0, 0, 0, 0, 0, 0, 0, 0, 0, 0, 0, 0, 0, 0, 0, 0, 0, 0, 0, 0, 0, 0, 0, 0, 0, 0, 0, 0, 0, 0, 0, 0, 0, 0, 0, 0, 0, 0, 0, 0, 0, 0, 0, 0, 0, 0, 0, 0, 0, 0, 0, 0, 0, 0, 0, 0, 0, 0, 0, 0, 0, 0, 0, 0, 0, 0, 0, 0, 0, 0, 0, 0, 0, 0, 0, 0, 0, 0, 0, 0, 0, 0, 0, 0, 0, 0, 0, 0, 0, 0, 0, 0, 0, 0, 0, 0, 0, 0, 0, 0, 0, 0, 0, 0, 0, 0, 0, 0, 0, 0, 0, 0, 0, 0, 0, 0, 0, 0, 0, 0, 0, 0, 0, 0, 0, 0],
         "height":15,
         "id":3,
         "name":"onWall",
         "opacity":1,
         "type":"tilelayer",
         "visible":true,
         "width":15,
         "x":0,
         "y":0
        }, 
        {
         "data":[0, 0, 0, 0, 0, 0, 0, 0, 0, 0, 0, 0, 0, 0, 0, 0, 0, 7499, 7500, 7501, 7502, 0, 0, 0, 7499, 7500, 7501, 7502, 0, 0, 0, 0, 7515, 7516, 7517, 7518, 0, 0, 0, 7515, 7516, 7517, 7518, 0, 0, 0, 0, 0, 0, 0, 0, 0, 0, 0, 0, 0, 0, 0, 0, 0, 0, 0, 0, 0, 0, 0, 0, 0, 0, 0, 0, 0, 0, 0, 0, 0, 0, 0, 0, 0, 0, 0, 0, 0, 0, 0, 0, 0, 0, 0, 0, 0, 0, 0, 0, 0, 0, 0, 0, 0, 0, 0, 0, 0, 0, 0, 0, 0, 0, 0, 7717, 7718, 7716, 7720, 7721, 0, 0, 0, 0, 0, 0, 0, 0, 0, 0, 7733, 7734, 7735, 7736, 7737, 0, 0, 0, 0, 0, 0, 0, 7332, 7333, 0, 7749, 7750, 7751, 7752, 7753, 0, 7332, 7333, 0, 0, 0, 0, 7348, 7349, 0, 7738, 7740, 7740, 7740, 7739, 0, 7348, 7349, 0, 0, 0, 0, 7364, 7365, 0, 7770, 7772, 7772, 7772, 7771, 0, 7364, 7365, 0, 0, 0, 0, 0, 0, 0, 7770, 7772, 7772, 7772, 7771, 0, 0, 0, 0, 0, 0, 0, 0, 0, 0, 7754, 7756, 7756, 7756, 7755, 0, 0, 0, 0, 0, 0, 0, 0, 0, 0, 0, 0, 0, 0, 0, 0, 0, 0, 0, 0],
         "height":15,
         "id":5,
         "name":"onGroundBack",
         "opacity":1,
         "type":"tilelayer",
         "visible":true,
         "width":15,
         "x":0,
         "y":0
        }, 
        {
         "data":[0, 0, 0, 0, 0, 0, 0, 0, 0, 0, 0, 0, 0, 0, 0, 0, 0, 0, 0, 0, 0, 0, 0, 0, 0, 0, 0, 0, 0, 0, 0, 0, 0, 0, 0, 7335, 7336, 0, 7335, 7336, 0, 0, 0, 0, 0, 0, 0, 0, 0, 0, 7351, 7352, 0, 7351, 7352, 0, 0, 0, 0, 0, 0, 0, 0, 0, 0, 0, 0, 0, 0, 0, 0, 0, 0, 0, 0, 0, 0, 7629, 7630, 7632, 7627, 7627, 7627, 7627, 7627, 7629, 7630, 7632, 0, 0, 0, 0, 7645, 7646, 7648, 7649, 7649, 7649, 7649, 7649, 7645, 7646, 7648, 0, 0, 0, 0, 7661, 7662, 7664, 0, 0, 0, 0, 0, 7661, 7662, 7664, 0, 0, 0, 0, 7677, 7678, 7680, 0, 0, 0, 0, 0, 7677, 7678, 7680, 0, 0, 0, 0, 7693, 7695, 7696, 0, 0, 0, 0, 0, 7693, 7695, 7696, 0, 0, 0, 0, 0, 0, 0, 0, 0, 0, 0, 0, 0, 0, 0, 0, 0, 0, 0, 7332, 7333, 0, 0, 0, 0, 0, 0, 0, 7332, 7333, 0, 0, 0, 0, 7348, 7349, 0, 0, 0, 0, 0, 0, 0, 7348, 7349, 0, 0, 0, 0, 7364, 7365, 0, 0, 0, 0, 0, 0, 0, 7364, 7365, 0, 0, 0, 0, 0, 0, 0, 0, 0, 0, 0, 0, 0, 0, 0, 0, 0],
         "height":15,
         "id":4,
         "name":"onGroundFront",
         "opacity":1,
         "type":"tilelayer",
         "visible":true,
         "width":15,
         "x":0,
         "y":0
        }, 
        {
         "draworder":"topdown",
         "id":2,
         "name":"GameDecoration",
         "objects":[
                {
                 "height":8.72727272727273,
                 "id":1,
                 "name":"elevatorButton",
                 "rotation":0,
                 "type":"",
                 "visible":true,
                 "width":5.45454545454545,
                 "x":36.9090909090909,
                 "y":31.8181818181818
                }, 
                {
                 "height":7.63636363636364,
                 "id":2,
                 "name":"elevatorButton",
                 "rotation":0,
                 "type":"",
                 "visible":true,
                 "width":4.36363636363637,
                 "x":197.818181818182,
                 "y":32.7272727272727
                }, 
                {
                 "height":21.0909090909091,
                 "id":3,
                 "name":"receptioniste",
                 "rotation":0,
                 "type":"",
                 "visible":true,
                 "width":16.1818181818182,
                 "x":112,
                 "y":112.363636363636
                }, 
                {
                 "ellipse":true,
                 "height":19,
                 "id":4,
                 "name":"entry",
                 "rotation":0,
                 "type":"",
                 "visible":true,
                 "width":20.6666666666667,
                 "x":110.666666666667,
                 "y":205.666666666667
                }, 
                {
                 "ellipse":true,
                 "height":19,
                 "id":7,
                 "name":"teleportation",
                 "rotation":0,
                 "type":"",
                 "visible":true,
                 "width":20.6667,
                 "x":52.9999833333333,
                 "y":47.5
                }, 
                {
                 "ellipse":true,
                 "height":19,
                 "id":8,
                 "name":"teleportation",
                 "rotation":0,
                 "type":"",
                 "visible":true,
                 "width":20.6667,
                 "x":165.333316666667,
                 "y":48.1666666666667
                }],
         "opacity":1,
         "type":"objectgroup",
         "visible":true,
         "x":0,
         "y":0
        }],
 "nextlayerid":3,
 "nextobjectid":9,
 "orientation":"orthogonal",
 "renderorder":"right-down",
 "tiledversion":"1.7.2",
 "tileheight":16,
 "tilesets":[
        {
         "firstgid":1,
         "source":"Room_Builder_Floors_16x16.json"
        }, 
        {
         "firstgid":601,
         "source":"Room_Builder_16x16.json"
        }, 
        {
         "firstgid":5626,
         "source":"Room_Builder_Walls_16x16.json"
        }, 
        {
         "firstgid":6906,
         "source":"Interiors_16x16.json"
        }],
 "tilewidth":16,
 "type":"map",
 "version":"1.6",
 "width":15
}