{ "columns":6,
 "image":"animated_coffee.png",
 "imageheight":32,
 "imagewidth":96,
 "margin":0,
 "name":"animated_coffee",
 "spacing":0,
 "tilecount":12,
 "tiledversion":"1.7.2",
 "tileheight":16,
 "tiles":[
        {
         "animation":[
                {
                 "duration":175,
                 "tileid":6
                }, 
                {
                 "duration":175,
                 "tileid":7
                }, 
                {
                 "duration":175,
                 "tileid":8
                }, 
                {
                 "duration":175,
                 "tileid":9
                }, 
                {
                 "duration":175,
                 "tileid":10
                }, 
                {
                 "duration":175,
                 "tileid":11
                }],
         "id":6
        }],
 "tilewidth":16,
 "type":"tileset",
 "version":"1.6"
}